{"lowlevel": {"spectral_complexity": [4, 8, 8, 3, 0, 0], "silence_rate_20dB": [1, 1, 1, 1, 1, 1], "erb_bands": [[3.36750372298e-06, 0.000259251391981, 0.0058219996281, 0.0124165043235, 0.00561624206603, 0.23999786377, 7.47991371155, 0.302030056715, 0.996405303478, 7.11798429489, 2.35628199577, 1.0022585392, 7.27020215988, 1.06035125256, 1.89548945427, 5.8445353508, 1.72569108009, 0.0380942821503], [1.42834969665e-05, 0.000337029108778, 0.000957106181886, 0.00202839192934, 0.000690016488079, 0.0310248006135, 14.8076553345, 0.11406031251, 2.13561606407, 65.7557907104, 3.57508039474, 4.66149663925, 93.0115356445, 8.93743133545, 10.0749378204, 14.6033468246, 24.6689376831, 0.436264336109], [1.80367496796e-05, 7.67620877014e-05, 0.000933064788114, 0.00280495919287, 0.00233996124007, 0.0303805787116, 15.0214366913, 1.40148866177, 0.34410238266, 21.0026035309, 0.990315794945, 5.19520759583, 103.256637573, 6.44683504105, 6.32362508774, 12.5235280991, 6.62917041779, 0.342742413282], [1.33764624479e-05, 7.97323664301e-05, 0.000512951577548, 0.000277107057627, 0.000315852434142, 0.0114709958434, 7.87603569031, 0.0992352217436, 0.183019176126, 7.83947038651, 0.250639289618, 0.501557469368, 3.95677781105, 0.758553564548, 0.29216748476, 0.746056437492, 0.462914019823, 0.0894379243255], [2.56501652984e-06, 2.82390992652e-05, 5.8743837144e-05, 0.000381661695428, 0.000141331009218, 0.00104446883779, 0.436822295189, 0.00888087041676, 0.0129973627627, 0.753752052784, 0.019103994593, 0.0495799817145, 0.296723097563, 0.0843015834689, 0.0567970946431, 0.0446391217411, 0.0357631891966, 0.00520172156394], [1.2781430081e-10, 1.47154921581e-09, 2.39422859316e-09, 9.28196897121e-09, 6.15521544844e-09, 6.00832805731e-08, 1.15530997391e-06, 1.24925179534e-07, 4.12508256886e-07, 1.21533785205e-05, 1.28815565859e-06, 1.5547827843e-06, 4.94237610837e-06, 2.66820370598e-06, 1.2506393432e-06, 4.66263827548e-06, 2.40998451773e-06, 5.38457868515e-07]], "average_loudness": 0.474965542555, "spectral_rms": [0.00127903930843, 0.00289583415724, 0.00207305955701, 0.000860120286234, 0.000240293578827, 1.01157536392e-06], "spectral_kurtosis": [3.41300201416, 3.63134050369, 3.80976295471, 2.70695161819, 3.16032791138, 2.75414133072], "barkbands_kurtosis": [-1.04283773899, -0.575608968735, -0.675868034363, 0.0554747581482, -0.0244388580322, 0.164993286133], "scvalleys": [[-8.18567085266, -7.99837636948, -7.69964265823, -7.6959939003, -8.44587230682, -9.66851139069], [-8.46769809723, -9.10887145996, -9.64420700073, -9.47075271606, -9.45001411438, -9.32927131653], [-8.8635597229, -8.76364040375, -8.72626590729, -6.99269390106, -7.92781543732, -8.92361545563], [-9.28117847443, -9.74196052551, -9.36276245117, -8.65295219421, -9.26997947693, -9.71940231323], [-9.20978450775, -10.1972284317, -10.0294981003, -9.84960460663, -10.145236969, -10.814540863], [-14.6718931198, -14.8990011215, -14.719827652, -13.8006086349, -14.4878396988, -15.4056816101]], "spectral_spread": [9748943, 10196253, 10053443, 11271933, 10960162, 16117192], "pitch": [630.11541748, 642.653198242, 661.073913574, 653.470275879, 652.630004883, 652.334655762], "dissonance": [0.291363030672, 0.450270235538, 0.486612021923, 0.45061019063, 0.409208416939, 0.381059676409], "spectral_energyband_high": [0.000347788853105, 0.00162007054314, 0.000748119258787, 4.95679778396e-05, 3.66626704817e-06, 2.30432090076e-10], "spectral_skewness": [1.60936760902, 1.59363937378, 1.66745889187, 1.55049955845, 1.63763010502, 1.55294907093], "spectral_flux": [0.0409492366016, 0.0708842501044, 0.081019602716, 0.0506989918649, 0.0212089121342, 0.00766797922552], "silence_rate_30dB": [1, 1, 1, 1, 1, 1], "spectral_contrast": [[-0.831799566746, -0.608679354191, -0.771681427956, -0.685339748859, -0.713188588619, -0.696449220181], [-0.853552997112, -0.548938393593, -0.631540060043, -0.431764006615, -0.478379756212, -0.626348376274], [-0.817239880562, -0.632576048374, -0.545397341251, -0.738402843475, -0.655112922192, -0.703926861286], [-0.812124192715, -0.557500302792, -0.649623453617, -0.640930473804, -0.705245435238, -0.774247229099], [-0.897680342197, -0.667040705681, -0.745535492897, -0.694396674633, -0.755319952965, -0.819530248642], [-0.89888894558, -0.858297765255, -0.901110112667, -0.892923891544, -0.899880886078, -0.887358188629]], "spectral_energyband_middle_high": [0.000964398728684, 0.00645966129377, 0.00289756827988, 0.000421185075538, 3.849857967e-05, 7.18560044799e-10], "barkbands_spread": [21.6621723175, 13.7343587875, 17.1113586426, 15.4000139236, 15.7204399109, 22.032869339], "spectral_centroid": [2342.7043457, 2652.80419922, 2622.07568359, 1611.64904785, 1755.3359375, 2818.5324707], "pitch_salience": [0.748319923878, 0.64805585146, 0.592242479324, 0.63419252634, 0.707823336124, 0.769566833973], "silence_rate_60dB": [1, 0, 0, 1, 1, 1], "spectral_entropy": [7.93319749832, 7.44720125198, 8.01883220673, 7.83496665955, 7.99238157272, 8.78612041473], "spectral_rolloff": [5038.76953125, 4565.0390625, 4608.10546875, 2648.58398438, 2648.58398438, 5297.16796875],