{"lowlevel": {"spectral_complexity": [2, 5, 7, 2, 2, 0], "silence_rate_20dB": [1, 1, 1, 1, 1, 1], "erb_bands": [[2.85405494651e-05, 0.000716500217095, 0.0124736381695, 0.0293090827763, 0.0228256154805, 0.147351995111, 4.01860189438, 0.0267648175359, 0.787625610828, 1.70110881329, 1.46594381332, 0.143296033144, 0.319862365723, 0.0791362971067, 0.0485197640955, 0.138368785381, 0.161228999496, 0.00839534308761], [6.65538846079e-06, 0.000103025551653, 0.0013187074801, 0.00413251761347, 0.00132589729037, 0.0669877454638, 15.756111145, 0.0726744830608, 3.26601433754, 31.6214942932, 3.82259511948, 2.36484575272, 26.9601516724, 4.20354127884, 2.70881342888, 19.636220932, 3.25318074226, 0.171484395862], [1.78343034349e-05, 0.000112589383207, 0.000636424054392, 0.00238883215934, 0.00227923621424, 0.0394359603524, 21.5648708344, 0.586219906807, 1.23352956772, 54.3667411804, 1.05744695663, 4.03336191177, 101.827682495, 10.8609495163, 5.33198928833, 11.7199831009, 7.50295066833, 0.20305980742], [9.98647374217e-06, 8.98274302017e-05, 0.000584987166803, 0.00058232358424, 0.000363343715435, 0.00800049956888, 5.75535535812, 0.114848740399, 0.181004315615, 11.9075984955, 0.313713759184, 0.568086385727, 4.73110103607, 0.999817311764, 0.237868145108, 0.482818096876, 0.240613728762, 0.0633186623454], [2.40415101871e-05, 0.000166990852449, 0.00024617483723, 0.0002842960821, 0.000132855784614, 0.00551103614271, 2.59622859955, 0.0299543179572, 0.047836124897, 2.62164211273, 0.0271536149085, 0.0625847801566, 0.849803566933, 0.187846466899, 0.0657453015447, 0.159692645073, 0.0527104474604, 0.0078772129491], [8.01009178986e-08, 5.99080919983e-07, 1.61092785333e-07, 8.98969005902e-07, 2.23696042667e-06, 2.79796295217e-05, 0.0024773532059, 0.000192742532818, 0.000189100872376, 0.00723767234012, 0.000458996015368, 0.000687751045916, 0.00186452874914, 0.00104077288415, 0.000502257491462, 0.000305789202685, 0.000131816035719, 4.4831638661e-05]], "average_loudness": 0.677885890007, "spectral_rms": [0.000714214402251, 0.00226436345838, 0.00245917635038, 0.000889303395525, 0.000455681845779, 2.26730862778e-05], "spectral_kurtosis": [4.93145751953, 2.0169377327, 3.37604045868, 3.48539066315, 3.73855686188, 4.85962247849], "barkbands_kurtosis": [1.52267360687, -0.879037618637, -0.592844247818, 0.28823018074, 0.803273916245, 0.601190328598], "scvalleys": [[-7.07121896744, -8.08625507355, -9.36262798309, -9.01392173767, -9.38894176483, -10.4090719223], [-8.48338317871, -9.17804813385, -10.0700731277, -10.0091743469, -9.62125873566, -9.10596466064], [-8.32650947571, -8.87089252472, -8.85556411743, -7.37829828262, -8.2953119278, -8.99440002441], [-9.18861103058, -9.94993209839, -9.96876716614, -8.73120307922, -9.23731708527, -9.72364997864], [-9.07310962677, -10.1957645416, -9.7932510376, -9.65418148041, -9.77217197418, -10.6238470078], [-12.5715112686, -12.3006076813, -11.7144680023, -11.3903827667, -12.5548400879, -13.1634426117]], "spectral_spread": [9944925, 10481494, 9518517, 10225262, 10028844, 10999879], "pitch": [615.145812988, 634.628601074, 654.413024902, 653.305786133, 650.94354248, 651.459838867], "dissonance": [0.176109135151, 0.309268385172, 0.415818631649, 0.344612807035, 0.430283278227, 0.195793315768], "spectral_energyband_high": [1.55994257511e-05, 0.00103444582783, 0.000791584781837, 4.019663902e-05, 8.98851794773e-06, 2.85652728138e-08], "spectral_skewness": [2.04650640488, 1.32325196266, 1.61360681057, 1.71914243698, 1.74504578114, 1.99583053589], "spectral_flux": [0.0228660162538, 0.0606143586338, 0.0721939355135, 0.055202268064, 0.0170083604753, 0.0139948520809], "silence_rate_30dB": [1, 1, 1, 1, 1, 1], "spectral_contrast": [[-0.913231134415, -0.62071698904, -0.676314353943, -0.631284415722, -0.779905796051, -0.778641819954], [-0.868131518364, -0.485469818115, -0.653964936733, -0.404546678066, -0.539907813072, -0.67990398407], [-0.886029183865, -0.554601073265, -0.573003292084, -0.639441132545, -0.607033729553, -0.704087734222], [-0.822958827019, -0.574192643166, -0.576899170876, -0.620066523552, -0.696679830551, -0.797603368759], [-0.807183384895, -0.565244138241, -0.701882123947, -0.661120295525, -0.744990646839, -0.802370667458], [-0.790229737759, -0.740353703499, -0.829472541809, -0.794190406799, -0.792947411537, -0.86686450243]], "spectral_energyband_middle_high": [0.000266303599346, 0.0036348910071, 0.00453487969935, 0.000540992536116, 0.000110107190267, 3.71407082866e-07], "barkbands_spread": [12.7985239029, 17.1883602142, 14.7213582993, 12.5433740616, 13.7584886551, 16.5996646881], "spectral_centroid": [1197.14050293, 2405.07128906, 2343.88525391, 1634.39477539, 1387.81188965, 1756.84997559], "pitch_salience": [0.696352958679, 0.682562053204, 0.639427125454, 0.709375143051, 0.591084480286, 0.815312325954], "silence_rate_60dB": [1, 0, 0, 1, 1, 1], "spectral_entropy": [7.62238788605, 7.43246889114, 7.67959403992, 7.68989419937, 7.62529706955, 8.08689498901], "spectral_rolloff": [1808.7890625, 5081.8359375, 3294.58007812, 2627.05078125, 2562.45117188, 2648.58398438],