{"lowlevel": {"spectral_complexity": [3, 24, 0], "silence_rate_20dB": [1, 1, 1], "erb_bands": [[0.655944406986, 3.62367653847, 0.175713971257, 0.100608356297, 0.115287221968, 0.0736840292811, 0.191338017583, 0.126450359821, 0.373760789633, 0.717049002647, 0.491045683622, 5.16498470306, 4.72645807266, 9.80779743195, 5.07508897781, 6.09597969055, 4.335709095, 0.546204268932], [0.968804419041, 2.2587697506, 1.10375058651, 0.608071565628, 1.42671787739, 0.30640783906, 0.746502935886, 0.821770250797, 1.96796357632, 4.07675218582, 18.5284900665, 15.8940105438, 42.4682579041, 26.2443218231, 75.2280502319, 24.3925170898, 12.1086483002, 1.75656974316], [1.37159281621e-06, 4.90139500471e-05, 0.000320926861605, 0.000948224973399, 0.00117148319259, 0.000225872063311, 0.000613089941908, 0.00068899692269, 0.00108973414171, 0.00147048092913, 0.0061719850637, 0.00203816522844, 0.00718010636047, 0.0096352044493, 0.00728896073997, 0.00299111776985, 0.00206739804707, 0.000562944333069]], "average_loudness": 0.925832390785, "spectral_rms": [0.0088201770559, 0.0105071580037, 4.66651799798e-05], "spectral_kurtosis": [2.16198015213, 3.09649658203, 5.26754379272], "barkbands_kurtosis": [62.5651931763, 13.9024505615, -1.56965410709], "scvalleys": [[-6.28879547119, -7.22316789627, -7.54151821136, -7.56217432022, -6.93074846268, -9.97205543518], [-5.13400363922, -6.4882311821, -6.66365289688, -6.32930040359, -6.05285930634, -8.84145450592], [-8.46585941315, -10.5019245148, -9.95499324799, -10.0665044785, -9.91460418701, -12.2117300034]], "spectral_spread": [6314450, 6998850, 14942033], "pitch": [3287.0222168, 518.617492676, 3377.57543945], "dissonance": [0.486367970705, 0.492928296328, 0.0511499084532], "spectral_energyband_high": [0.000449118408142, 0.00263183913194, 3.99944212859e-07], "spectral_skewness": [1.33435964584, 1.31133198738, 2.043810606], "spectral_flux": [0.282383471727, 0.0871045216918, 0.335660934448], "silence_rate_30dB": [1, 1, 1], "spectral_contrast": [[-0.259190499783, -0.885302364826, -0.881705641747, -0.849786937237, -0.81673002243, -0.614286184311], [-0.343894869089, -0.816541433334, -0.864857316017, -0.812834143639, -0.79201900959, -0.630454659462], [-0.987460613251, -0.828298330307, -0.960973501205, -0.914122998714, -0.928559660912, -0.8160790205]], "spectral_energyband_middle_high": [0.000683957361616, 0.00360149680637, 9.15739065022e-07], "barkbands_spread": [4.76432514191, 16.1922130585, 54.3623657227], "spectral_centroid": [86.134147644, 227.389297485, 2134.48535156], "pitch_salience": [0.160470098257, 0.183130964637, 0.926424145699], "silence_rate_60dB": [0, 0, 1], "spectral_entropy": [6.23442220688, 7.23615026474, 8.75275611877], "spectral_rolloff": [64.599609375, 64.599609375, 4242.04101562], "barkbands": [[0.0426730439067, 0.0354497767985, 0.00038338630111, 4.75874439871e-05, 2.25523053814e-05, 1.48896106111e-05, 4.6730451686e-06, 5.37707046533e-06, 9.38798257266e-06, 4.22029461333e-06, 1.19201540656e-05, 1.34863239509e-05, 1.62502492458e-05, 5.63700905332e-06, 1.12330817501e-05, 9.21108658076e-05, 0.000141654440085, 8.65042384248e-05, 0.000199039335712, 0.000155486995936, 0.000147530881804, 0.000175124660018, 5.7234945416e-05, 1.2328203411e-05, 8.16623710875e-08, 2.42139730489e-08, 6.21520168664e-09], [0.0620516240597, 0.0429978854954, 0.00121398014016, 0.000242023816099, 0.000174564076588, 0.000161378484336, 2.26075571845e-05, 1.42082262755e-05, 5.92364049226e-05, 2.8165315598e-05, 2.8435348213e-05, 4.25185608037e-05, 7.9406745499e-05, 0.000224251314648, 0.000384842016501, 0.000271579890978, 0.000911133887712, 0.000719822593965, 0.000482004805235, 0.0016174550401, 0.000662546081003, 0.000580059480853, 0.000154729234055, 3.40958540619e-05, 1.28107751607e-06, 5.75342596676e-07, 1.33693902171e-07], [8.5729467969e-08, 1.38369713909e-07, 1.03263502638e-07, 1.1019741919e-07, 2.59477019426e-07, 1.46647593624e-07, 2.93227060411e-08, 5.29732258059e-09, 3.7157256827e-08, 2.1281735485e-08, 2.4917264696e-08, 1.63575126777e-08, 2.90263315605e-08, 6.42088195946e-08, 1.48144891909e-07, 3.90254371041e-08, 1.01984902301e-07, 1.9927696826e-07, 2.07868126267e-07, 1.59855460424e-07, 9.75634151246e-08, 1.47135494899e-07, 4.12889740176e-08, 1.17965708313e-08, 2.8691571341e-09, 1.99137129009e-09, 1.60287794149e-09]], "spectral_energyband_low": [0.0585898272693, 0.0790061727166, 3.39239818459e-07], "barkbands_skewness": [7.73490571976, 3.90072464943, -0.173255190253], "pitch_instantaneous_confidence": [0.241384148598, 0.26864862442, 0.20339936018], "spectral_energyband_middle_low": [0.000106711384433, 0.000693796493579, 5.96565826072e-07], "spectral_strongpeak": [0, 0, 0], "startFrame": 0, "spectral_decrease": [-2.09625383718e-08, -2.93640294302e-08, -4.7690220913e-13], "stopFrame": 2, "mfcc": [[-721.049499512, 68.4846801758, -11.857711792, 100.885231018, 2.95399856567, 52.0829200745, 5.09897232056, 52.052520752, 6.20000457764, 18.9113578796, 6.45574188232, 22.0726280212, 14.4332084656], [-628.842407227, 67.1822967529, -26.1660881042, 93.8333587646, 10.3395042419, 49.7168731689, 0.055233001709, 27.1631164551, 5.8881111145, 21.8523902893, 3.6369934082, 8.22270202637, 0.284606933594], [-1055.87243652, 42.8993339539, 3.24649047852, 38.0327949524, 17.4828186035, 5.21710205078, 5.50876235962, -2.71475982666, -5.39234924316, -1.43158721924, -1.34125137329, -17.360206604, -10.5308265686]], "spectral_energy": [0.0797404199839, 0.113160379231, 2.2320800781e-06], "spectral_flatness_db": [0.349514484406, 0.24918705225, 0.0474544614553], "frequency_bands": [[0.0426730439067, 0.0354497767985, 0.00038338630111, 4.75874439871e-05, 2.25523053814e-05, 1.48896106111e-05, 4.6730451686e-06, 5.37707046533e-06, 9.38798257266e-06, 4.22029461333e-06, 1.19201540656e-05, 1.34863239509e-05, 1.62502492458e-05, 5.63700905332e-06, 1.12330817501e-05, 9.21108658076e-05, 0.000141654440085, 8.65042384248e-05, 0.000199039335712, 0.000155486995936, 0.000147530881804, 0.000175124660018, 5.7234945416e-05, 1.2328203411e-05, 8.16623710875e-08, 2.42139730489e-08, 6.21520168664e-09, 4.55690485346e-10], [0.0620516240597, 0.0429978854954, 0.00121398014016, 0.000242023816099, 0.000174564076588, 0.000161378484336, 2.26075571845e-05, 1.42082262755e-05, 5.92364049226e-05, 2.8165315598e-05, 2.8435348213e-05, 4.25185608037e-05, 7.9406745499e-05, 0.000224251314648, 0.000384842016501, 0.000271579890978, 0.000911133887712, 0.000719822593965, 0.000482004805235, 0.0016174550401, 0.000662546081003, 0.000580059480853, 0.000154729234055, 3.40958540619e-05, 1.28107751607e-06, 5.75342596676e-07, 1.33693902171e-07, 5.65712088285e-10], [8.5729467969e-08, 1.38369713909e-07, 1.03263502638e-07, 1.1019741919e-07, 2.59477019426e-07, 1.46647593624e-07, 2.93227060411e-08, 5.29732258059e-09, 3.7157256827e-08, 2.1281735485e-08, 2.4917264696e-08, 1.63575126777e-08, 2.90263315605e-08, 6.42088195946e-08, 1.48144891909e-07, 3.90254371041e-08, 1.01984902301e-07, 1.9927696826e-07, 2.07868126267e-07, 1.59855460424e-07, 9.75634151246e-08, 1.47135494899e-07, 4.12889740176e-08, 1.17965708313e-08, 2.8691571341e-09, 1.99137129009e-09, 1.60287794149e-09, 4.22495483043e-10]], "zerocrossingrate": [0.00927734375, 0.01611328125, 0.00732421875], "gfcc": [[-8.01540756226, -39.799911499, 15.2312335968, 33.6420135498, -2.96493840218, 13.1840076447, -0.433409333229, 1.28709030151, -5.82863235474, 2.03332328796, -12.3232116699, -3.1325480938, -6.09379196167], [50.0030822754, -46.3740005493, -0.182842493057, 31.4199504852, -11.7150030136, 4.07713127136, -9.09478187561, 6.462682724, -4.92202949524, 1.21923005581, -1.5813741684, -2.47884750366, -6.57179546356], [-259.706054688, -51.7615394592, -30.202999115, -2.57245635986, -31.9021530151, -14.9103183746, -22.1249275208, -8.99127006531, -5.89248657227, -4.13868427277, -0.450162887573, 1.99252986908, -10.5097589493]], "hfc": [6.8683719635, 25.7314891815, 0.0047643459402], "spectral_crest": [14.4490118027, 14.8054590225, 3.13931679726]}, "tonal": {"chords_progression": ["A", "A"],