{"lowlevel": {"spectral_complexity": [39, 60, 52, 60, 41], "silence_rate_20dB": [0, 0, 0, 0, 1], "erb_bands": [[5.92560386658, 17.4786739349, 13.3004989624, 49.520072937, 66.8076019287, 149.251281738, 79.2869491577, 177.036026001, 859.525695801, 517.046691895, 712.82598877, 978.383178711, 1035.64257812, 976.198486328, 1540.68005371, 1213.90783691, 1649.98400879, 2120.48632812], [8.20292282104, 1.20247781277, 4.60814142227, 106.34526062, 118.026069641, 422.108337402, 359.310791016, 518.183837891, 919.622924805, 2106.96240234, 1301.1842041, 677.054992676, 1144.68237305, 2215.6159668, 1478.79162598, 2270.20825195, 2213.34350586, 2819.11352539], [1.6438280344, 1.52208864689, 6.25365686417, 59.387878418, 547.105773926, 221.066864014, 719.479248047, 563.710327148, 533.108581543, 1307.140625, 3115.84960938, 1907.5769043, 1236.4901123, 1445.73913574, 1286.0045166, 1912.34643555, 1933.80627441, 3889.19140625], [0.60454595089, 1.2139236927, 2.12209653854, 18.5404586792, 58.2223091125, 168.431274414, 735.895080566, 100.350944519, 148.532165527, 794.74432373, 1060.57861328, 534.813720703, 481.256896973, 419.015014648, 335.114471436, 489.730133057, 641.781311035, 724.357421875], [2.29235219955, 7.78305101395, 5.2453789711, 18.4787502289, 26.6385002136, 56.4157371521, 19.6045093536, 86.8692855835, 48.2420654297, 166.916915894, 61.1349754333, 94.0946731567, 32.9556617737, 34.4190368652, 56.1091041565, 79.096244812, 137.503875732, 120.549438477]], "average_loudness": 0.846074938774, "spectral_rms": [0.0370128005743, 0.0533515103161, 0.0332805067301, 0.0177895855159, 0.0191437639296], "spectral_kurtosis": [-0.506622314453, -0.167023658752, 0.813605308533, 0.450964689255, 1.66645050049], "barkbands_kurtosis": [-1.06711852551, 0.260710477829, -1.51977002621, -1.23585271835, 8.82505702972], "scvalleys": [[-3.22453331947, -4.18128108978, -3.96587467194, -4.01472520828, -4.29862356186, -4.3581161499], [-3.81407427788, -3.51011991501, -3.71603608131, -3.78996086121, -4.14910411835, -4.20763206482], [-3.79888367653, -3.31160569191, -3.61999964714, -3.74459862709, -4.29457521439, -4.57569599152], [-4.50996112823, -3.60040831566, -4.44049596786, -4.37308454514, -4.78465747833, -5.24040985107], [-3.667999506, -4.84950876236, -4.87469768524, -4.9030380249, -5.882417202, -6.10727357864]], "spectral_spread": [30772884, 25960812, 17394420, 12543243, 18677460], "pitch": [865.95880127, 1623.38500977, 382.884796143, 627.334899902, 441.721221924], "dissonance": [0.454953193665, 0.496043264866, 0.476253598928, 0.488031566143, 0.45033672452], "spectral_energyband_high": [0.320964485407, 0.436408251524, 0.356551676989, 0.0839842110872, 0.0153491841629], "spectral_skewness": [0.602072417736, 0.739761948586, 0.948745191097, 0.798017382622, 1.30239498615], "spectral_flux": [1.18498778343, 0.895383238792, 1.11158537865, 0.679060876369, 0.514360845089], "silence_rate_30dB": [0, 0, 0, 0, 0], "spectral_contrast": [[-0.291511505842, -0.732110261917, -0.731452345848, -0.781634807587, -0.75197660923, -0.738876581192], [-0.170877933502, -0.686067461967, -0.74924325943, -0.708904027939, -0.754346370697, -0.719073414803], [-0.391617000103, -0.648317933083, -0.728691637516, -0.645455241203, -0.719216942787, -0.663360476494], [-0.486361920834, -0.683745384216, -0.75604480505, -0.64865219593, -0.767058968544, -0.712968707085], [-0.383854389191, -0.678438305855, -0.794652283192, -0.806388556957, -0.820261001587, -0.750354766846]], "spectral_energyband_middle_high": [0.154952526093, 0.244087055326, 0.312327593565, 0.11046975106, 0.0165533199906], "barkbands_spread": [92.6162261963, 70.1847305298, 78.4265594482, 60.4174575806, 25.1645488739], "spectral_centroid": [2234.20556641, 1352.86279297, 2885.94970703, 2597.59057617, 400.152038574], "pitch_salience": [0.42885813117, 0.267378330231, 0.616480827332, 0.671104252338, 0.275012254715], "silence_rate_60dB": [0, 0, 0, 0, 0], "spectral_entropy": [9.32011890411, 9.1090669632, 8.95164489746, 8.75715923309, 8.23945045471], "spectral_rolloff": [7149.0234375, 3962.109375, 7558.15429688, 6546.09375, 86.1328125], "barkbands": [[0.727077841759, 0.147447109222, 0.0168324261904, 0.00318402564153, 0.0133852688596, 0.00553200999275, 0.00890015438199, 0.00291432393715, 0.00254796328954, 0.00628227740526, 0.020255740732, 0.0142826531082, 0.0103646013886, 0.00546161644161, 0.0206341985613, 0.0189685337245, 0.0212596971542, 0.00865005049855, 0.0192418210208, 0.0279488023371, 0.0288263130933, 0.0288774836808, 0.0569577813148, 0.108442731202, 0.0314779430628, 0.0280027501285, 0.0196081437171], [2.12590742111, 0.0056945537217, 0.00625537429005, 0.000475324952276, 0.0224863961339, 0.0124890152365, 0.0245377346873, 0.0293843019754, 0.00706480396912, 0.0154406791553, 0.0149223320186, 0.0248749796301, 0.0403439439833, 0.0272586494684, 0.0314500667155, 0.010946476832, 0.0128863407299, 0.019511828199, 0.042571824044, 0.021157598123, 0.0820443928242, 0.0463327988982, 0.086944848299, 0.133005961776, 0.0382163897157, 0.0222478751093, 0.0128738284111], [0.283916175365, 0.0246596373618, 0.00626363465562, 0.00151076703332, 0.010621311143, 0.0544984787703, 0.0246365331113, 0.0131293013692, 0.0404239296913, 0.0176392775029, 0.0182713065296, 0.0274671278894, 0.0287382528186, 0.0106132216752, 0.100107893348, 0.0409743487835, 0.0254787914455, 0.0153982844204, 0.023604484275, 0.0241853892803, 0.0515190325677, 0.0481395721436, 0.0799152553082, 0.149134889245, 0.00859175808728, 0.00416449829936, 0.00164563802537], [0.0465031377971, 0.00998845510185, 0.00290495879017, 0.000468438869575, 0.00510232197121, 0.00532112410292, 0.0166601575911, 0.0257713906467, 0.0161699857563, 0.00357838207856, 0.00592041108757, 0.00200698967092, 0.0175648424774, 0.0100018456578, 0.0313969403505, 0.0131408041343, 0.00965466257185, 0.0071967211552, 0.00811458006501, 0.00738139543682, 0.00945048686117, 0.0188631657511, 0.02074187994, 0.0273837000132, 0.00273424130864, 0.000327427114826, 3.276168718e-05], [0.250728607178, 0.0699231252074, 0.00312728341669, 0.00192283117212, 0.00546322623268, 0.00360509241, 0.00533112185076, 0.00166657019872, 0.00139567803126, 0.00281809130684, 0.00155901140533, 0.002216482535, 0.00349293742329, 0.00108886242379, 0.00146694330033, 0.00174705765676, 0.000602570420597, 0.000640692887828, 0.000899515114725, 0.00122956733685, 0.00168396614026, 0.00308999372646, 0.00480889296159, 0.00426854705438, 0.000665109604597, 0.000147727972944, 4.85048440169e-05]], "spectral_energyband_low": [0.461494892836, 0.52136528492, 0.118440389633, 0.0465666726232, 0.181292742491], "barkbands_skewness": [0.855227351189, 1.41372442245, -0.0989424735308, -0.119687713683, 3.10960435867], "pitch_instantaneous_confidence": [0.151718378067, 0.153438210487, 0.172460913658, 0.223955869675, 0.158456146717], "spectral_energyband_middle_low": [0.038317438215, 0.0996536538005, 0.156085893512, 0.0714226588607, 0.0206395536661], "spectral_strongpeak": [0, 0, 0, 0, 0], "startFrame": 0, "spectral_decrease": [-2.96652785892e-07, -6.78160915868e-07, -2.22059867383e-07, -6.56966463453e-08, -9.59167678616e-08], "stopFrame": 4,