{"lowlevel": {"spectral_complexity": [0, 0, 1, 1, 0, 0], "silence_rate_20dB": [1, 1, 1, 1, 1, 1], "erb_bands": [[1.71716330044e-09, 5.77900785004e-08, 2.18196123569e-06, 4.27769737144e-05, 5.33423190063e-05, 5.87028698646e-05, 1.24857297124e-05, 2.40510653384e-05, 2.23320585064e-05, 2.22589369514e-05, 3.63545041182e-05, 8.21885259938e-05, 3.92239926441e-05, 2.90987827611e-05, 4.29059073213e-05, 3.65279338439e-05, 4.45673467766e-05, 3.2749852835e-05], [4.23269284511e-07, 1.79813523573e-05, 0.00138262705877, 0.0413667596877, 0.00638796621934, 0.0624171122909, 0.0014287767699, 0.00203002011403, 0.00302699487656, 0.00120715191588, 0.00500436220318, 0.00407462567091, 0.00419452413917, 0.00312198186293, 0.00506452191621, 0.00416209828109, 0.00306792301126, 0.00320469262078], [2.0929362563e-06, 0.000223237162572, 0.100347243249, 0.566933572292, 0.200331196189, 0.0546623878181, 0.0100703481585, 0.0287398956716, 0.00869845971465, 0.00654414342716, 0.0124934837222, 0.0254762843251, 0.0230281502008, 0.0161621272564, 0.021948216483, 0.0234101563692, 0.0118179628626, 0.0131532512605], [5.25533005202e-06, 0.00114045699593, 0.129868611693, 0.0431254059076, 0.00590973161161, 0.00507411081344, 0.00209969491698, 0.00552441645414, 0.00220357743092, 0.00537601718679, 0.00576573889703, 0.0016045916127, 0.00231199804693, 0.0018504873151, 0.00374310603365, 0.00521447649226, 0.00349368038587, 0.00316348741762], [1.26649979393e-08, 4.30400314144e-06, 1.32898703669e-05, 7.06166392774e-05, 6.06065987085e-05, 0.000100402190583, 7.69865437178e-06, 1.80486804311e-05, 6.04325068707e-05, 2.44544462475e-05, 8.95318589755e-05, 2.10358575714e-05, 3.60796548193e-05, 7.54495631554e-05, 8.21984431241e-05, 7.61401097407e-05, 8.38489359012e-05, 5.84030749451e-05], [5.86283637673e-15, 1.70795899667e-13, 7.77244262874e-13, 1.75456036419e-12, 3.76136491745e-12, 8.26667293646e-12, 6.91003504416e-12, 3.64458680249e-12, 2.6964401198e-11, 2.61765800008e-11, 3.61508843694e-11, 2.279244328e-11, 1.63220704313e-11, 8.45273417233e-12, 6.08672183836e-12, 1.28290321075e-11, 4.6695928374e-11, 2.67422143457e-11]], "average_loudness": 0.309080064297, "spectral_rms": [6.96763800079e-06, 0.000129629348521, 0.000503543997183, 0.000290960102575, 9.39624715102e-06, 2.28839134309e-08], "spectral_kurtosis": [-1.29350185394, -0.25414276123, 1.13002490997, 0.427431106567, -1.26273238659, 1.28147745132], "barkbands_kurtosis": [-1.19117581844, 7.93587589264, 38.4869689941, 48.7398414612, -1.19904708862, 47.1397857666], "scvalleys": [[-12.0699930191, -11.9202394485, -11.9937210083, -12.3858499527, -12.8225345612, -13.1681575775], [-9.40243816376, -9.37291049957, -9.88561153412, -10.2121362686, -10.5479745865, -10.726600647], [-8.26128482819, -8.2283449173, -9.19246578217, -9.80637645721, -9.72865009308, -10.2518367767], [-7.89987945557, -9.02119064331, -9.96201229095, -10.3348617554, -10.9024972916, -10.8168430328], [-11.0283689499, -11.5419359207, -12.2308712006, -12.3968315125, -12.7630519867, -12.75897789], [-18.4304580688, -18.6007614136, -19.5120029449, -18.8788127899, -20.2812995911, -19.9869003296]], "spectral_spread": [53268848, 32754428, 24913136, 31266898, 51961280, 32257862], "pitch": [202.531326294, 231.256347656, 246.265579224, 169.661682129, 122.873420715, 22028.4882812], "dissonance": [0.392945796251, 0.432452052832, 0.426662862301, 0.426901578903, 0.445619523525, 0.0468357801437], "spectral_energyband_high": [1.19604868232e-08, 9.51146091666e-07, 3.43035867445e-06, 1.00298439065e-06, 2.20387974537e-08, 2.92075364545e-13], "spectral_skewness": [0.367692917585, 0.91483771801, 1.44683814049, 1.24546527863, 0.335466206074, -1.48249363899], "spectral_flux": [0.000223073249799, 0.00398492673412, 0.0132407257333, 0.01143176388, 0.00914301723242, 0.000300522136968], "silence_rate_30dB": [1, 1, 1, 1, 1, 1], "spectral_contrast": [[-0.832189083099, -0.836500406265, -0.942552268505, -0.914040863514, -0.919432401657, -0.90931892395], [-0.70354193449, -0.725303351879, -0.905471563339, -0.903717696667, -0.895580172539, -0.905500292778], [-0.587156355381, -0.72379565239, -0.852518796921, -0.855037331581, -0.894339859486, -0.879673480988], [-0.695405364037, -0.850043177605, -0.869325697422, -0.864569306374, -0.884306371212, -0.893817543983], [-0.855089843273, -0.877926886082, -0.909896016121, -0.912548422813, -0.911246359348, -0.916170835495], [-0.98297137022, -0.990274190903, -0.949064970016, -0.984200060368, -0.955789506435, -0.935257077217]], "spectral_energyband_middle_high": [7.90917376037e-09, 6.4832516955e-07, 3.79146672458e-06, 8.48692593536e-07, 9.2248724215e-09, 4.50458643504e-15], "barkbands_spread": [67.349647522, 20.9447212219, 6.20389556885, 5.9957818985, 82.6558456421, 7.51829528809], "spectral_centroid": [4599.49853516, 889.253112793, 370.500488281, 293.049621582, 4254.47949219, 19098.5429688], "pitch_salience": [0.737638950348, 0.576513171196, 0.654739677906, 0.443830788136, 0.729497075081, 0.976989209652], "silence_rate_60dB": [1, 1, 1, 1, 1, 1], "spectral_entropy": [9.52577972412, 8.72367763519, 7.76927137375, 7.83657884598, 9.51421356201, 9.19950294495], "spectral_rolloff": [13242.9199219, 495.263671875, 301.46484375, 193.798828125, 12101.6601562, 21468.6035156],