{"lowlevel": {"spectral_complexity": [0, 0, 2, 2, 0, 0], "silence_rate_20dB": [1, 1, 1, 1, 1, 1], "erb_bands": [[3.07940695166e-08, 5.85011457588e-06, 1.86702309293e-05, 6.31606744719e-05, 0.000170956016518, 0.000128104991745, 1.20585118566e-05, 2.80838830804e-05, 3.73511757061e-05, 1.06569204945e-05, 3.58473298547e-05, 3.84113918699e-05, 3.66169624613e-05, 4.68601065222e-05, 7.14583802619e-05, 4.49008366559e-05, 0.000143504701555, 5.7879187807e-05], [3.96573477701e-06, 0.000279451283859, 0.0168215762824, 0.0750987231731, 0.374285280704, 0.993638575077, 0.0474605150521, 0.0104416599497, 0.00590196950361, 0.0263681355864, 0.0105655258521, 0.015363628976, 0.0131976613775, 0.02250196971, 0.0313094519079, 0.0371564216912, 0.0271826200187, 0.0143076200038], [0.000132398956339, 0.00324362260289, 0.0376902110875, 1.35585129261, 2.57742643356, 6.78757715225, 0.402514994144, 0.073503665626, 0.112127758563, 0.307801127434, 0.161307319999, 0.479770213366, 0.110162705183, 0.229560881853, 0.366075247526, 0.26191842556, 0.129767403007, 0.109971061349], [0.000457933492726, 0.00514946039766, 0.0948344767094, 0.685071587563, 0.461336582899, 0.202345475554, 0.130352646112, 0.0406022928655, 0.135483160615, 0.0553887933493, 0.0473015457392, 0.0487739592791, 0.0379106886685, 0.150898993015, 0.0548796020448, 0.0953611731529, 0.0947761163116, 0.0632348284125], [2.04930847758e-06, 2.25324401981e-05, 0.000331415940309, 0.000719059898984, 0.000350167654688, 0.00409990316257, 0.000533333106432, 0.000532124366146, 0.000216109270696, 0.000376675772713, 0.00101096974686, 0.000303669279674, 0.000672682945151, 0.00114788580686, 0.0010767839849, 0.000843045010697, 0.000970992317889, 0.000728931569029], [4.02354554839e-13, 1.94048666025e-11, 1.20547502536e-10, 3.23790549928e-10, 1.25463028855e-10, 3.99386496097e-10, 8.25306656349e-10, 1.21381138474e-09, 1.8885013553e-09, 4.90483875737e-10, 4.58405646775e-10, 2.61447558048e-10, 6.04980898711e-10, 7.44603823044e-10, 3.2490643509e-10, 4.01908673009e-10, 1.03233033233e-09, 1.08651476705e-09]], "average_loudness": 0.372108280659, "spectral_rms": [1.05795243144e-05, 0.000370859430404, 0.00120468239766, 0.000669964414556, 3.76307943952e-05, 1.09941353799e-07], "spectral_kurtosis": [-1.14119052887, -0.309588909149, 0.28066444397, 0.133607149124, -0.416297674179, 0.438841342926], "barkbands_kurtosis": [-0.37522816658, 11.4577617645, 15.4673423767, 10.3989686966, 0.5432908535, 12.1949968338], "scvalleys": [[-10.4599590302, -11.1956396103, -12.3530797958, -12.5964250565, -12.5403957367, -12.8200368881], [-8.03436279297, -7.24689912796, -9.53241062164, -9.42208194733, -9.77774047852, -9.91761875153], [-6.64728116989, -6.14345741272, -8.40241718292, -8.28102016449, -8.52358913422, -8.9964799881], [-6.08286905289, -7.27375364304, -8.18173217773, -9.0484418869, -9.22056865692, -9.40633869171], [-8.76058578491, -9.95191860199, -10.9192047119, -11.1909761429, -11.162478447, -11.6464176178], [-15.9814462662, -16.9810428619, -16.6285076141, -18.2408428192, -18.4967880249, -18.2730579376]], "spectral_spread": [50200676, 31187796, 26366534, 27787272, 36941524, 40866688], "pitch": [389.668182373, 449.66708374, 148.905685425, 264.083496094, 232.598312378, 22028.4882812], "dissonance": [0.418208837509, 0.374264717102, 0.422778904438, 0.43244099617, 0.447318822145, 0.330329239368], "spectral_energyband_high": [2.21711466963e-08, 6.46156195216e-06, 4.25962098234e-05, 1.70064195117e-05, 1.89485348301e-07, 5.6326401876e-12], "spectral_skewness": [0.455049604177, 0.949719309807, 1.19579851627, 1.11807131767, 0.822943329811, -1.30180490017], "spectral_flux": [0.00033871002961, 0.0116205457598, 0.0284173414111, 0.0268012564629, 0.0205253195018, 0.00120376830455], "silence_rate_30dB": [1, 1, 1, 1, 1, 1], "spectral_contrast": [[-0.903809309006, -0.854736685753, -0.916179120541, -0.907680273056, -0.934393405914, -0.909994959831], [-0.757203876972, -0.7705540061, -0.870620727539, -0.893189907074, -0.881513535976, -0.882528424263], [-0.72747272253, -0.722681641579, -0.809447526932, -0.848912775517, -0.869516849518, -0.868439793587], [-0.813775539398, -0.783271551132, -0.865533947945, -0.857895255089, -0.863316297531, -0.874066591263], [-0.934175372124, -0.835920512676, -0.893228471279, -0.904158353806, -0.917234241962, -0.902055323124], [-0.986000597477, -0.961464881897, -0.981461882591, -0.934808433056, -0.934126138687, -0.937425076962]], "spectral_energyband_middle_high": [7.68687069552e-09, 3.18720822179e-06, 4.05169703299e-05, 1.48400431499e-05, 1.38149246709e-07, 1.91175390405e-13], "barkbands_spread": [67.9574050903, 16.2298564911, 11.8630037308, 18.1490955353, 51.8939285278, 25.0904140472], "spectral_centroid": [2979.78710938, 813.437072754, 643.083740234, 619.376464844, 1632.0949707, 18646.40625], "pitch_salience": [0.780815660954, 0.762838602066, 0.697531223297, 0.756666362286, 0.687822163105, 0.938977599144], "silence_rate_60dB": [1, 1, 1, 1, 1, 1], "spectral_entropy": [9.385014534, 8.50591754913, 8.24383354187, 8.38758850098, 9.15164852142, 9.20373630524], "spectral_rolloff": [7515.08789062, 495.263671875, 473.73046875, 366.064453125, 3294.58007812, 21296.3378906],