{"lowlevel": {"spectral_complexity": [0, 4, 30, 2, 0], "silence_rate_20dB": [1, 1, 1, 1, 1], "erb_bands": [[6.20648279437e-06, 0.00043766546878, 8.12172729638e-05, 2.03328727366e-05, 0.000276919337921, 0.000452817010228, 5.50135700905e-06, 0.00171892473008, 0.00347505882382, 0.00039519101847, 0.0001376089931, 0.00295601412654, 0.000653297698591, 0.000559592444915, 0.00228672707453, 0.000827312818728, 0.0103652598336, 0.0247646365315], [0.000131644337671, 0.0674660727382, 0.418126344681, 0.934362828732, 0.364394515753, 0.0515588745475, 0.0474797412753, 0.125359490514, 0.523549079895, 0.199501767755, 0.649764537811, 0.950913071632, 4.3657207489, 7.25538730621, 24.4880485535, 11.6054725647, 83.2216873169, 45.1959838867], [0.0108249438927, 1.20313775539, 6.29253864288, 10.5161266327, 2.20073533058, 1.11580073833, 0.584408819675, 1.83603954315, 2.38887500763, 1.6210296154, 9.08200073242, 9.04378986359, 34.6472816467, 65.8275756836, 170.223968506, 64.9798278809, 242.192443848, 206.735305786], [0.000213407547562, 0.0418549217284, 0.353785961866, 0.269159704447, 0.243833050132, 0.417637079954, 0.0526735447347, 0.0289667192847, 0.0347816608846, 0.0705198869109, 0.677213191986, 0.590288162231, 0.716177582741, 0.723316967487, 1.91275787354, 1.03363215923, 3.88491773605, 2.06958889961], [3.31022329192e-06, 0.000578729377594, 0.00191075948533, 0.00391639815643, 0.00104048871435, 0.000483082403662, 0.00047920801444, 7.87979297456e-05, 0.000207856719499, 0.000399209297029, 0.000713763060048, 0.00126834225375, 0.00212340336293, 0.00561376195401, 0.00726790959015, 0.0045888624154, 0.0114098135382, 0.0173757392913]], "average_loudness": 0.432126492262, "spectral_rms": [6.8320237915e-05, 0.00320481765084, 0.00756592862308, 0.00124242040329, 8.69135037647e-05], "spectral_kurtosis": [0.265556573868, -0.547751903534, -0.652129650116, -0.540072202682, -0.89909529686], "barkbands_kurtosis": [-1.76327586174, 7.06158256531, 0.177591323853, -0.96281671524, -1.81974947453], "scvalleys": [[-10.304977417, -12.2610120773, -11.6095399857, -12.2747039795, -11.759853363, -11.2763566971], [-5.96372890472, -7.47553348541, -7.78714466095, -8.4597196579, -6.76756811142, -6.36978387833], [-4.25436544418, -6.13521194458, -6.42041635513, -6.74148178101, -5.73562479019, -5.48816776276], [-6.01898336411, -7.20126056671, -8.69071292877, -8.36571884155, -8.04389953613, -7.43578958511], [-8.37450313568, -9.88743686676, -11.4961938858, -11.0718898773, -10.5190019608, -10.32817173]], "spectral_spread": [23133422, 26227440, 29197856, 24619196, 31843494], "pitch": [429.049468994, 3646.17382812, 4016.98632812, 3378.78857422, 3980.96313477], "dissonance": [0.393614560366, 0.493234276772, 0.499984592199, 0.474462658167, 0.434325039387], "spectral_energyband_high": [2.63502352027e-06, 0.00938718486577, 0.0435528047383, 0.00107095029671, 3.17417448059e-06], "spectral_skewness": [0.523154616356, 0.270604461432, 0.233248248696, 0.0314709953964, 0.23037339747], "spectral_flux": [0.00218731467612, 0.101464688778, 0.159767851233, 0.211699098349, 0.0377133488655], "silence_rate_30dB": [1, 1, 1, 1, 1], "spectral_contrast": [[-0.715351700783, -0.718441605568, -0.757940173149, -0.792375326157, -0.853157639503, -0.794610381126], [-0.788656771183, -0.774735867977, -0.859395444393, -0.790634632111, -0.834931254387, -0.783849537373], [-0.778273820877, -0.802302181721, -0.874621152878, -0.821699023247, -0.802007555962, -0.77965259552], [-0.818149507046, -0.809755921364, -0.862895727158, -0.824818253517, -0.823229312897, -0.820228874683], [-0.865120708942, -0.889914870262, -0.877970814705, -0.892387449741, -0.900188326836, -0.875363051891]], "spectral_energyband_middle_high": [3.41870190823e-07, 0.000393555470509, 0.00393499387428, 8.38916384964e-05, 3.17279187811e-07], "barkbands_spread": [104.115844727, 27.9562244415, 66.6786651611, 82.4482803345, 102.455970764], "spectral_centroid": [4730.50878906, 8474.93164062, 7431.56054688, 6831.08886719, 4212.7421875], "pitch_salience": [0.465170681477, 0.851156055927, 0.822576403618, 0.824033439159, 0.738162457943], "silence_rate_60dB": [1, 0, 0, 1, 1], "spectral_entropy": [8.68031692505, 9.57950687408, 9.58549118042, 9.38791751862, 9.33030605316], "spectral_rolloff": [8570.21484375, 12489.2578125, 12467.7246094, 11757.1289062, 9862.20703125], "barkbands": [[1.11229965682e-07, 1.30225544126e-06, 2.60774555727e-07, 1.61760045359e-08, 6.48800124736e-09, 3.18472928029e-08, 7.65697407701e-08, 2.01731534255e-10, 9.77810610259e-11, 6.35044372643e-08, 5.28246815179e-08, 7.82452076464e-08, 6.78087896944e-09, 1.04798214551e-09, 2.53650189741e-09, 6.04450107744e-08, 2.84933632244e-09, 5.76564609389e-08, 5.47082468216e-09, 4.20718286875e-08, 2.96666442523e-08, 7.99773545168e-08, 8.29360089938e-07, 1.19741639537e-06, 4.18670595081e-07, 1.75429413218e-08, 3.15484847135e-08], [1.21264145037e-06, 0.000110896631668, 0.000112458525109, 0.000144365185406, 0.000271178636467, 5.07202385052e-05, 1.04825494418e-05, 1.69668624039e-06, 2.22053995458e-06, 3.58685861102e-06, 5.5539890127e-06, 1.19386550068e-05, 3.7636500565e-06, 1.04964351522e-06, 1.78996342584e-05, 1.61381722137e-05, 4.74744592793e-05, 4.66585042886e-05, 0.000135191745358, 0.000448538456112, 0.000191696512047, 0.000480209942907, 0.0031405990012, 0.00200923508964, 0.00142919039354, 0.00109842664097, 0.000705907237716], [0.000113803704153, 0.00271646026522, 0.00263768131845, 0.00225499388762, 0.00295451236889, 0.000296279904433, 9.27813671296e-05, 3.54049843736e-05, 3.39423204423e-05, 4.94718442496e-05, 8.49192292662e-05, 4.94594132761e-05, 3.39206417266e-05, 2.06869717658e-05, 0.000230970952543, 0.000144091507536, 0.000294212368317, 0.000664832012262, 0.00118776399177, 0.00337876449339, 0.00132069736719, 0.00264249765314, 0.00705460552126, 0.0127877965569, 0.00796221755445, 0.00615306710824, 0.00331965857185], [7.8632901932e-06, 7.82104252721e-05, 6.94673726684e-05, 0.00012949728989, 7.26846337784e-05, 2.40075460169e-05, 3.21728766721e-05, 1.06335992314e-05, 1.46548734392e-06, 8.81358630522e-07, 5.37079813512e-07, 2.0808906811e-06, 1.25293649944e-06, 3.2463685784e-06, 1.18522621051e-05, 1.11379104055e-05, 1.08218209789e-05, 1.08912518044e-05, 1.59703049576e-05, 3.5721284803e-05, 3.75851923309e-05, 5.08775483468e-05, 0.000126299346448, 0.000203124509426, 0.000430719635915, 0.00017348692927, 2.9391825592e-05], [2.45356055473e-08, 1.12804741548e-06, 1.06432185021e-06, 6.04148681305e-07, 1.21531422792e-06, 1.1338536865e-07, 3.3340164407e-08, 5.61676039013e-08, 1.35418032343e-08, 2.5818571725e-09, 1.34136735053e-09, 2.03276524502e-08, 7.44528616536e-09, 2.20534186468e-08, 1.0227912739e-08, 2.10119068811e-08, 2.39640485233e-08, 4.111655727e-08, 9.82859802434e-08, 1.64954528259e-07, 1.10243874474e-07, 3.10077638233e-07, 6.28208567832e-07, 7.51745062644e-07, 4.36107541191e-07, 5.09468748078e-07, 3.29661162368e-07]], "spectral_energyband_low": [1.65117705819e-06, 0.000297567632515, 0.00625508418307, 0.000230769175687, 2.50626771958e-06], "barkbands_skewness": [-0.361323237419, -2.77160000801, -1.36475205421, -0.927179217339, 0.246281251311], "pitch_instantaneous_confidence": [0.346852242947, 0.279303729534, 0.270914256573, 0.109007239342, 0.158923864365], "spectral_energyband_middle_low": [1.31396220127e-07, 0.000481090566609, 0.00568319484591, 0.000270774995442, 2.03639888241e-06], "spectral_strongpeak": [0.00151725579053, 1.73294854164, 0.0490759536624, 0.0251883696765, 0.00131176831201], "startFrame": 0, "spectral_decrease": [-7.2372788101e-13, -6.45170639135e-10, -5.06699793235e-09, -1.59467550276e-10, -1.26759854783e-12], "stopFrame": 4,