{"lowlevel": {"spectral_complexity": [0, 6, 0], "silence_rate_20dB": [1, 1, 1], "erb_bands": [[4.64964386993e-07, 0.000137495822855, 0.000959584489465, 0.000808605982456, 0.00187912408728, 0.00814022030681, 0.0157253965735, 0.0526056066155, 0.125345349312, 0.126455634832, 0.16242672503, 0.163320422173, 0.787413358688, 4.0895652771, 7.73607301712, 7.51502132416, 11.7346601486, 10.7477350235], [1.27941102619e-05, 0.000909034861252, 0.0026804485824, 0.00957475975156, 0.00785670708865, 0.0536498017609, 0.0539826191962, 0.183878213167, 0.632401704788, 0.472265690565, 1.15369689465, 1.59393203259, 2.56272411346, 16.62541008, 41.3513145447, 29.8938827515, 33.5998420715, 47.6045722961], [7.83548295691e-11, 2.53958187812e-09, 1.39071874017e-08, 3.25921512001e-08, 3.35280923025e-08, 2.94179294258e-08, 1.27828769791e-07, 1.29436034513e-06, 2.21976711146e-06, 1.08134181573e-05, 2.05601390917e-05, 3.59497134923e-05, 4.31396765634e-05, 0.000159440256539, 4.65018747491e-05, 6.98425064911e-05, 0.000355625088559, 0.00020719935128]], "average_loudness": 0.914579391479, "spectral_rms": [0.00154433108401, 0.00302105001174, 6.87639658281e-06], "spectral_kurtosis": [-0.72537612915, -0.633831977844, -0.164930820465], "barkbands_kurtosis": [5.78202724457, 6.02095508575, 3.99215745926], "scvalleys": [[-9.24240493774, -8.506980896, -8.05821323395, -7.96016979218, -7.379322052, -6.80559587479], [-7.58795690536, -7.99948501587, -7.53737545013, -7.31174993515, -6.67936372757, -6.12863445282], [-13.5156898499, -14.3412647247, -13.2168178558, -12.2822532654, -12.6571130753, -12.350071907]], "spectral_spread": [12380676, 12348282, 16658361], "pitch": [3610.38500977, 3746.85424805, 3274.69506836], "dissonance": [0.498514384031, 0.484862178564, 0.239494174719], "spectral_energyband_high": [0.00214345077984, 0.00792342610657, 4.03476008159e-08], "spectral_skewness": [0.108880698681, 0.156158283353, 0.465860009193], "spectral_flux": [0.0494427159429, 0.0525974035263, 0.0965369194746], "silence_rate_30dB": [1, 1, 1], "spectral_contrast": [[-0.841774106026, -0.923005104065, -0.909045040607, -0.922837495804, -0.799060404301, -0.837095022202], [-0.923004925251, -0.864459037781, -0.863283216953, -0.858747005463, -0.762419700623, -0.823948323727], [-0.988122999668, -0.970119774342, -0.968447566032, -0.955473661423, -0.904074847698, -0.901447355747]], "spectral_energyband_middle_high": [0.000309142400511, 0.00145064527169, 8.12243339254e-09], "barkbands_spread": [5.33721590042, 6.06265830994, 7.13464307785], "spectral_centroid": [7756.83544922, 7452.04101562, 7189.75195312], "pitch_salience": [0.908168852329, 0.927928209305, 0.957124173641], "silence_rate_60dB": [0, 0, 1], "spectral_entropy": [9.15359020233, 9.15365505219, 9.36157989502], "spectral_rolloff": [10702.0019531, 10551.2695312, 10702.0019531], "barkbands": [[1.26391119792e-08, 2.10041960713e-07, 3.29190811499e-07, 3.43277861248e-07, 2.64974659103e-07, 2.65534026767e-07, 4.97565451951e-07, 6.44308840947e-07, 5.86649434808e-07, 1.55540419655e-06, 3.03458182316e-06, 3.57439103027e-06, 2.82307996713e-06, 1.33535536406e-06, 4.20589412897e-06, 3.12310635309e-06, 8.26898758532e-06, 3.99188356823e-05, 8.65334877744e-05, 0.000232037637033, 0.000110977576696, 0.000350215210347, 0.000434441346442, 0.000327278568875, 0.000636674289126, 0.000194715612452, 7.1878429253e-07], [4.37102585238e-07, 2.17600063479e-06, 1.74514366336e-06, 7.71340182837e-07, 2.39212158704e-06, 7.06921468918e-07, 4.08704227084e-06, 2.97678116112e-06, 1.71086185219e-06, 5.31729665454e-06, 1.81184095709e-05, 1.9808219804e-05, 1.00364768514e-05, 1.58050424943e-05, 2.5535320674e-05, 2.84709931293e-05, 2.90637999569e-05, 0.000145660917042, 0.000390353816329, 0.00124490004964, 0.000441177253379, 0.00128147506621, 0.00132859614678, 0.00140709744301, 0.00247573712841, 0.000466470344691, 4.31547368862e-06], [4.99879998506e-12, 7.54161316729e-12, 4.9813052988e-12, 4.73976587145e-12, 9.16016828362e-12, 4.21985189847e-12, 1.89280253797e-12, 1.8946528374e-12, 1.15806877976e-11, 4.12858983112e-11, 4.29974909844e-11, 9.03121327722e-11, 2.24615021027e-10, 4.03334754484e-10, 5.28476540307e-10, 7.90986331989e-10, 1.43018166754e-10, 1.4185943531e-09, 3.6640348533e-09, 1.24275334468e-09, 1.42584799523e-09, 9.49822265284e-09, 1.14114389049e-08, 7.8824120564e-09, 6.19055828821e-09, 3.04671821105e-09, 3.6564398731e-10]], "spectral_energyband_low": [7.11842517376e-07, 4.65959919893e-06, 1.7439338168e-11], "barkbands_skewness": [-1.5441467762, -1.60024440289, -1.53968167305], "pitch_instantaneous_confidence": [0.29707801342, 0.337571680546, 0.331938743591], "spectral_energyband_middle_low": [2.84755697066e-06, 1.35607679113e-05, 4.22761443908e-11], "spectral_strongpeak": [0.242360681295, 0.545327365398, 0.00115949695464], "startFrame": 0, "spectral_decrease": [-1.92000290666e-10, -8.03272504069e-10, -4.46717087217e-15], "stopFrame": 2, "mfcc": [[-781.376281738, -90.2608413696, 2.89479255676, 8.70331382751, -16.7471122742, 0.470642089844, 14.5295829773, 10.1814498901, -9.72022819519, 2.11402320862, 3.20777320862, -8.25118637085, 9.85299110413], [-695.29309082, -82.0799255371, 0.289707183838, 10.7666568756, -9.11922264099, 5.80656242371, 14.6741790771, 4.1889295578, -7.79567813873, 5.24364566803, 1.57021903992, -7.19456481934, 13.4910068512], [-1138.42004395, 1.14440917969e-05, -6.103515625e-05, 8.01086425781e-05, -6.103515625e-05, 2.28881835938e-05, -2.67028808594e-05, -5.34057617188e-05, -4.57763671875e-05, -2.28881835938e-05, -2.67028808594e-05, -3.0517578125e-05, -3.81469726562e-05]], "spectral_energy": [0.00244458229281, 0.00935491174459, 4.84669477885e-08], "spectral_flatness_db": [0.208644151688, 0.188518419862, 0.179202958941], "frequency_bands": [[1.26391119792e-08, 2.10041960713e-07, 3.29190811499e-07, 3.43277861248e-07, 2.64974659103e-07, 2.65534026767e-07, 4.97565451951e-07, 6.44308840947e-07, 5.86649434808e-07, 1.55540419655e-06, 3.03458182316e-06, 3.57439103027e-06, 2.82307996713e-06, 1.33535536406e-06, 4.20589412897e-06, 3.12310635309e-06, 8.26898758532e-06, 3.99188356823e-05, 8.65334877744e-05, 0.000232037637033, 0.000110977576696, 0.000350215210347, 0.000434441346442, 0.000327278568875, 0.000636674289126, 0.000194715612452, 7.1878429253e-07, 3.28726851295e-10], [4.37102585238e-07, 2.17600063479e-06, 1.74514366336e-06, 7.71340182837e-07, 2.39212158704e-06, 7.06921468918e-07, 4.08704227084e-06, 2.97678116112e-06, 1.71086185219e-06, 5.31729665454e-06, 1.81184095709e-05, 1.9808219804e-05, 1.00364768514e-05, 1.58050424943e-05, 2.5535320674e-05, 2.84709931293e-05, 2.90637999569e-05, 0.000145660917042, 0.000390353816329, 0.00124490004964, 0.000441177253379, 0.00128147506621, 0.00132859614678, 0.00140709744301, 0.00247573712841, 0.000466470344691, 4.31547368862e-06, 3.83313070174e-09], [4.99879998506e-12, 7.54161316729e-12, 4.9813052988e-12, 4.73976587145e-12, 9.16016828362e-12, 4.21985189847e-12, 1.89280253797e-12, 1.8946528374e-12, 1.15806877976e-11, 4.12858983112e-11, 4.29974909844e-11, 9.03121327722e-11, 2.24615021027e-10, 4.03334754484e-10, 5.28476540307e-10, 7.90986331989e-10, 1.43018166754e-10, 1.4185943531e-09, 3.6640348533e-09, 1.24275334468e-09, 1.42584799523e-09, 9.49822265284e-09, 1.14114389049e-08, 7.8824120564e-09, 6.19055828821e-09, 3.04671821105e-09, 3.6564398731e-10, 4.7029389931e-12]], "zerocrossingrate": [0.1748046875, 0.19482421875, 0.02001953125],